Species,Colony,Distance,Weight,Headwidth1,Headwidth,Class
Seed,28,0,62,39,1.642,39-40
Seed,28,0,53,39,1.642,39-40
Seed,28,0,51,38,1.6,37-38
Seed,28,0,43,36,1.516,<37
Seed,28,0,65,40,1.684,39-40
Seed,28,0,64,40,1.684,39-40
Seed,28,0,68,40,1.684,39-40
Seed,28,0,45,37,1.558,37-38
Seed,28,0,66,40,1.684,39-40
Seed,28,0,62,39,1.642,39-40
Seed,28,0,49,37,1.558,37-38
Seed,28,0,69,39,1.642,39-40
Seed,28,0,54,35,1.474,<37
Seed,28,0,48,38,1.6,37-38
Seed,28,0,63,40,1.684,39-40
Seed,28,0,62,40,1.684,39-40
Seed,28,0,45,35,1.474,<37
Seed,28,0,58,40,1.684,39-40
Seed,28,0,50,39,1.642,39-40
Seed,28,0,59,40,1.684,39-40
Seed,28,0,37,33,1.389,<37
Seed,28,0,46,38,1.6,37-38
Seed,28,0,48,38,1.6,37-38
Seed,28,0,53,39,1.642,39-40
Seed,28,0,45,38,1.6,37-38
Seed,28,0,54,37,1.558,37-38
Seed,28,0,45,34,1.432,<37
Seed,28,0,40,35,1.474,<37
Seed,28,0,46,35,1.474,<37
Seed,28,5,51,39,1.642,39-40
Seed,28,5,53,38,1.6,37-38
Seed,28,5,61,40,1.684,39-40
Seed,28,5,66,43,1.811,>40
Seed,28,5,45,35,1.474,<37
Seed,28,5,36,35,1.474,<37
Seed,28,5,53,39,1.642,39-40
Seed,28,5,59,42,1.768,>40
Seed,28,5,56,40,1.684,39-40
Seed,28,5,46,38,1.6,37-38
Seed,28,5,54,38,1.6,37-38
Seed,28,5,60,40,1.684,39-40
Seed,28,5,48,36,1.516,<37
Seed,28,5,31,33,1.389,<37
Seed,28,5,46,37,1.558,37-38
Seed,28,5,56,41,1.726,>40
Seed,28,5,38,36,1.516,<37
Seed,28,5,53,37,1.558,37-38
Seed,28,5,44,37,1.558,37-38
Seed,28,5,51,37,1.558,37-38
Seed,28,5,56,40,1.684,39-40
Seed,28,5,45,35,1.474,<37
Seed,28,5,57,40,1.684,39-40
Seed,28,5,65,43,1.811,>40
Seed,28,5,46,37,1.558,37-38
Seed,28,5,38,36,1.516,<37
Seed,28,5,38,36,1.516,<37
Seed,28,5,52,38,1.6,37-38
Seed,28,5,39,37,1.558,37-38
Seed,28,5,41,35,1.474,<37
Seed,23,0,62,37,1.558,37-38
Seed,23,0,51,37,1.558,37-38
Seed,23,0,64,40,1.684,39-40
Seed,23,0,69,39,1.642,39-40
Seed,23,0,61,39,1.642,39-40
Seed,23,0,59,37,1.558,37-38
Seed,23,0,48,35,1.474,<37
Seed,23,0,63,37,1.558,37-38
Seed,23,0,36,33,1.389,<37
Seed,23,0,60,39,1.642,39-40
Seed,23,0,55,37,1.558,37-38
Seed,23,0,45,35,1.474,<37
Seed,23,0,36,33,1.389,<37
Seed,23,0,42,37,1.558,37-38
Seed,23,0,35,34,1.432,<37
Seed,23,0,40,34,1.432,<37
Seed,23,0,72,39,1.642,39-40
Seed,23,0,64,36,1.516,<37
Seed,23,0,42,36,1.516,<37
Seed,23,0,54,39,1.642,39-40
Seed,23,0,57,40,1.684,39-40
Seed,23,0,41,35,1.474,<37
Seed,23,0,63,41,1.726,>40
Seed,23,0,45,39,1.642,39-40
Seed,23,0,59,38,1.6,37-38
Seed,23,0,38,34,1.432,<37
Seed,23,0,51,39,1.642,39-40
Seed,23,0,61,37,1.558,37-38
Seed,23,0,34,32,1.347,<37
Seed,23,5,73,39,1.642,39-40
Seed,23,5,32,33,1.389,<37
Seed,23,5,36,34,1.432,<37
Seed,23,5,66,40,1.684,39-40
Seed,23,5,34,34,1.432,<37
Seed,23,5,48,35,1.474,<37
Seed,23,5,60,35,1.474,<37
Seed,23,5,72,39,1.642,39-40
Seed,23,5,54,36,1.516,<37
Seed,23,5,49,37,1.558,37-38
Seed,23,5,62,37,1.558,37-38
Seed,23,5,62,40,1.684,39-40
Seed,23,5,42,33,1.389,<37
Seed,23,5,73,39,1.642,39-40
Seed,23,5,33,35,1.474,<37
Seed,23,5,46,38,1.6,37-38
Seed,23,5,70,39,1.642,39-40
Seed,23,5,54,35,1.474,<37
Seed,23,5,40,36,1.516,<37
Seed,23,5,80,41,1.726,>40
Seed,23,5,32,33,1.389,<37
Seed,23,5,44,36,1.516,<37
Seed,23,5,48,37,1.558,37-38
Seed,101,0,50,40,1.684,39-40
Seed,101,0,51,37,1.558,37-38
Seed,101,0,57,40,1.684,39-40
Seed,101,0,51,37,1.558,37-38
Seed,101,0,56,40,1.684,39-40
Seed,101,0,60,41,1.726,>40
Seed,101,0,68,41,1.726,>40
Seed,101,0,68,40,1.684,39-40
Seed,101,0,49,38,1.6,37-38
Seed,101,0,65,41,1.726,>40
Seed,101,0,73,42,1.768,>40
Seed,101,0,83,43,1.811,>40
Seed,101,0,72,40,1.684,39-40
Seed,101,0,63,42,1.768,>40
Seed,101,0,69,42,1.768,>40
Seed,101,0,54,35,1.474,<37
Seed,101,0,52,38,1.6,37-38
Seed,101,0,54,38,1.6,37-38
Seed,101,0,44,35,1.474,<37
Seed,101,0,67,43,1.811,>40
Seed,101,0,88,44,1.853,>40
Seed,101,0,61,41,1.726,>40
Seed,101,0,59,41,1.726,>40
Seed,101,0,75,40,1.684,39-40
Seed,101,0,59,41,1.726,>40
Seed,101,0,53,39,1.642,39-40
Seed,101,0,75,44,1.853,>40
Seed,101,0,59,40,1.684,39-40
Seed,101,0,57,41,1.726,>40
Seed,101,5,82,43,1.811,>40
Seed,101,5,72,40,1.684,39-40
Seed,101,5,68,37,1.558,37-38
Seed,101,5,93,42,1.768,>40
Seed,101,5,64,37,1.558,37-38
Seed,101,5,69,39,1.642,39-40
Seed,101,5,68,42,1.768,>40
Seed,101,5,68,40,1.684,39-40
Seed,101,5,57,40,1.684,39-40
Seed,101,5,65,40,1.684,39-40
Seed,101,5,81,41,1.726,>40
Seed,101,5,82,42,1.768,>40
Seed,101,5,88,42,1.768,>40
Seed,101,5,71,41,1.726,>40
Seed,101,5,69,42,1.768,>40
Seed,101,5,67,40,1.684,39-40
Seed,101,5,53,38,1.6,37-38
Seed,101,5,93,42,1.768,>40
Seed,101,5,66,39,1.642,39-40
Seed,101,5,65,38,1.6,37-38
Seed,101,5,68,39,1.642,39-40
Seed,101,5,45,40,1.684,39-40
Seed,101,5,61,35,1.474,<37
Seed,101,5,77,41,1.726,>40
Seed,101,5,90,42,1.768,>40
Seed,101,5,59,39,1.642,39-40
Seed,101,5,58,37,1.558,37-38
Seed,101,10,60,40,1.684,39-40
Seed,101,10,60,37,1.558,37-38
Seed,101,10,65,39,1.642,39-40
Seed,101,10,64,43,1.811,>40
Seed,101,10,62,41,1.726,>40
Seed,101,10,58,40,1.684,39-40
Seed,101,10,45,37,1.558,37-38
Seed,101,10,91,43,1.811,>40
Seed,101,10,65,40,1.684,39-40
Seed,101,10,63,38,1.6,37-38
Seed,101,10,59,40,1.684,39-40
Seed,101,10,68,41,1.726,>40
Seed,101,10,51,38,1.6,37-38
Seed,101,10,65,43,1.811,>40
Seed,101,10,59,43,1.811,>40
Seed,101,10,77,42,1.768,>40
Seed,101,10,56,40,1.684,39-40
Seed,101,10,75,40,1.684,39-40
Seed,101,10,48,37,1.558,37-38
Seed,101,10,76,40,1.684,39-40
Seed,101,10,51,37,1.558,37-38
Seed,101,10,63,42,1.768,>40
Seed,101,10,55,38,1.6,37-38
Seed,101,10,73,41,1.726,>40
Seed,101,10,55,41,1.726,>40
Seed,101,10,54,37,1.558,37-38
Seed,X,0,68,40,1.684,39-40
Seed,X,0,61,39,1.642,39-40
Seed,X,0,86,43,1.811,>40
Seed,X,0,74,40,1.684,39-40
Seed,X,0,80,41,1.726,>40
Seed,X,0,64,39,1.642,39-40
Seed,X,0,69,40,1.684,39-40
Seed,X,0,63,40,1.684,39-40
Seed,X,0,83,39,1.642,39-40
Seed,X,0,70,38,1.6,37-38
Seed,X,0,65,39,1.642,39-40
Seed,X,0,69,38,1.6,37-38
Seed,X,0,79,40,1.684,39-40
Seed,X,0,59,37,1.558,37-38
Seed,X,0,92,42,1.768,>40
Seed,X,0,80,40,1.684,39-40
Seed,X,0,50,36,1.516,<37
Seed,X,0,83,41,1.726,>40
Seed,X,0,65,39,1.642,39-40
Seed,X,0,62,39,1.642,39-40
Seed,X,0,81,40,1.684,39-40
Seed,X,0,64,38,1.6,37-38
Seed,X,0,111,45,1.895,>40
Seed,X,0,58,40,1.684,39-40
Seed,X,0,87,42,1.768,>40
Seed,X,0,65,36,1.516,<37
Seed,X,0,57,40,1.684,39-40
Seed,X,5,68,43,1.811,>40
Seed,X,5,70,44,1.853,>40
Seed,X,5,54,39,1.642,39-40
Seed,X,5,46,38,1.6,37-38
Seed,X,5,52,39,1.642,39-40
Seed,X,5,52,38,1.6,37-38
Seed,X,5,57,41,1.726,>40
Seed,X,5,56,39,1.642,39-40
Seed,X,5,61,39,1.642,39-40
Seed,X,5,52,39,1.642,39-40
Seed,X,5,58,40,1.684,39-40
Seed,X,5,65,43,1.811,>40
Seed,X,5,58,41,1.726,>40
Seed,X,5,54,38,1.6,37-38
Seed,X,5,67,41,1.726,>40
Seed,X,5,52,41,1.726,>40
Seed,X,5,47,39,1.642,39-40
Seed,X,5,48,38,1.6,37-38
Seed,X,5,76,43,1.811,>40
Seed,X,5,49,37,1.558,37-38
Seed,X,5,60,42,1.768,>40
Seed,X,5,54,39,1.642,39-40
Seed,X,5,46,35,1.474,<37
Seed,X,5,65,41,1.726,>40
Seed,X,5,54,39,1.642,39-40
Seed,X,5,63,40,1.684,39-40
Seed,X,5,59,40,1.684,39-40
Seed,X,10,50,39,1.642,39-40
Seed,X,10,54,41,1.726,>40
Seed,X,10,56,40,1.684,39-40
Seed,X,10,51,38,1.6,37-38
Seed,X,10,47,40,1.684,39-40
Seed,X,10,50,36,1.516,<37
Seed,X,10,51,39,1.642,39-40
Seed,X,10,56,40,1.684,39-40
Seed,X,10,52,40,1.684,39-40
Seed,X,10,52,37,1.558,37-38
Seed,X,10,47,38,1.6,37-38
Seed,X,10,57,38,1.6,37-38
Seed,X,10,48,38,1.6,37-38
Seed,X,10,73,43,1.811,>40
Seed,X,10,42,37,1.558,37-38
Seed,X,10,45,40,1.684,39-40
Seed,X,10,59,39,1.642,39-40
Seed,X,10,50,37,1.558,37-38
Seed,X,10,55,39,1.642,39-40
Seed,X,10,50,37,1.558,37-38
Seed,X,10,58,40,1.684,39-40
Seed,X,10,56,40,1.684,39-40
Seed,X,10,43,37,1.558,37-38
Seed,X,10,65,41,1.726,>40
Seed,X,10,55,41,1.726,>40
Seed,X,10,59,39,1.642,39-40
Seed,X,10,69,44,1.853,>40
Seed,X,10,47,37,1.558,37-38
Seed,X,10,51,38,1.6,37-38
Seed,X,10,51,38,1.6,37-38
Seed,X,10,57,41,1.726,>40
Seed,25,0,55,38,1.6,37-38
Seed,25,0,67,39,1.642,39-40
Seed,25,0,59,36,1.516,<37
Seed,25,0,75,39,1.642,39-40
Seed,25,0,111,44,1.853,>40
Seed,25,0,73,38,1.6,37-38
Seed,25,0,57,37,1.558,37-38
Seed,25,0,66,39,1.642,39-40
Seed,25,0,72,38,1.6,37-38
Seed,25,0,67,38,1.6,37-38
Seed,25,0,61,36,1.516,<37
Seed,25,0,86,40,1.684,39-40
Seed,25,0,60,36,1.516,<37
Seed,25,0,81,41,1.726,>40
Seed,25,0,55,37,1.558,37-38
Seed,25,0,71,38,1.6,37-38
Seed,25,0,67,39,1.642,39-40
Seed,25,0,90,41,1.726,>40
Seed,25,0,97,44,1.853,>40
Seed,25,0,72,39,1.642,39-40
Seed,25,0,83,40,1.684,39-40
Seed,25,0,94,42,1.768,>40
Seed,25,0,65,37,1.558,37-38
Seed,25,0,78,41,1.726,>40
Seed,25,0,96,41,1.726,>40
Seed,25,0,102,43,1.811,>40
Seed,25,0,57,37,1.558,37-38
Seed,25,0,72,39,1.642,39-40
Seed,25,0,72,38,1.6,37-38
Seed,25,5,46,37,1.558,37-38
Seed,25,5,44,35,1.474,<37
Seed,25,5,40,35,1.474,<37
Seed,25,5,58,40,1.684,39-40
Seed,25,5,64,40,1.684,39-40
Seed,25,5,45,36,1.516,<37
Seed,25,5,44,37,1.558,37-38
Seed,25,5,67,42,1.768,>40
Seed,25,5,72,41,1.726,>40
Seed,25,5,68,40,1.684,39-40
Seed,25,5,70,42,1.768,>40
Seed,25,5,45,36,1.516,<37
Seed,25,5,46,38,1.6,37-38
Seed,25,5,70,42,1.768,>40
Seed,25,5,56,37,1.558,37-38
Seed,25,5,61,40,1.684,39-40
Seed,25,5,44,36,1.516,<37
Seed,25,5,55,37,1.558,37-38
Seed,25,5,51,37,1.558,37-38
Seed,25,5,64,40,1.684,39-40
Seed,25,5,68,41,1.726,>40
Seed,25,5,67,40,1.684,39-40
Seed,25,5,45,37,1.558,37-38
Seed,25,5,44,35,1.474,<37
Seed,25,5,46,37,1.558,37-38
Seed,25,10,44,37,1.558,37-38
Seed,25,10,65,42,1.768,>40
Seed,25,10,36,36,1.516,<37
Seed,25,10,47,39,1.642,39-40
Seed,25,10,56,42,1.768,>40
Seed,25,10,39,37,1.558,37-38
Seed,25,10,31,33,1.389,<37
Seed,25,10,38,36,1.516,<37
Seed,25,10,51,39,1.642,39-40
Seed,25,10,47,39,1.642,39-40
Seed,25,10,39,36,1.516,<37
Seed,25,10,56,40,1.684,39-40
Seed,25,10,38,38,1.6,37-38
Seed,25,10,61,41,1.726,>40
Seed,25,10,52,38,1.6,37-38
Seed,25,10,52,41,1.726,>40
Seed,25,10,42,38,1.6,37-38
Seed,25,10,49,39,1.642,39-40
Seed,25,10,59,41,1.726,>40
Seed,25,10,55,41,1.726,>40
Seed,25,10,58,39,1.642,39-40
Seed,25,10,42,37,1.558,37-38
Seed,2,0,39,38,1.6,37-38
Seed,2,0,40,37,1.558,37-38
Seed,2,0,42,36,1.516,<37
Seed,2,0,39,37,1.558,37-38
Seed,2,0,44,37,1.558,37-38
Seed,2,0,40,36,1.516,<37
Seed,2,0,40,39,1.642,39-40
Seed,2,0,48,41,1.726,>40
Seed,2,0,38,37,1.558,37-38
Seed,2,0,47,40,1.684,39-40
Seed,2,0,40,36,1.516,<37
Seed,2,0,50,37,1.558,37-38
Seed,2,0,36,35,1.474,<37
Seed,2,0,35,35,1.474,<37
Seed,2,0,34,36,1.516,<37
Seed,2,0,44,38,1.6,37-38
Seed,2,0,48,39,1.642,39-40
Seed,2,0,47,39,1.642,39-40
Seed,2,0,48,37,1.558,37-38
Seed,2,0,42,38,1.6,37-38
Seed,2,0,23,38,1.6,37-38
Seed,2,0,43,37,1.558,37-38
Seed,2,0,44,38,1.6,37-38
Seed,2,0,34,39,1.642,39-40
Seed,2,5,55,39,1.642,39-40
Seed,2,5,35,36,1.516,<37
Seed,2,5,53,39,1.642,39-40
Seed,2,5,38,39,1.642,39-40
Seed,2,5,39,36,1.516,<37
Seed,2,5,44,39,1.642,39-40
Seed,2,5,34,35,1.474,<37
Seed,2,5,37,36,1.516,<37
Seed,2,5,43,38,1.6,37-38
Seed,2,5,30,37,1.558,37-38
Seed,2,5,54,39,1.642,39-40
Seed,2,5,33,37,1.558,37-38
Seed,2,5,29,38,1.6,37-38
Seed,2,5,50,39,1.642,39-40
Seed,2,5,42,38,1.6,37-38
Seed,2,5,42,38,1.6,37-38
Seed,2,5,34,36,1.516,<37
Seed,2,5,44,38,1.6,37-38
Seed,2,5,42,38,1.6,37-38
Seed,2,5,53,41,1.726,>40
Seed,2,5,36,36,1.516,<37
Seed,2,5,38,36,1.516,<37
Seed,2,5,37,35,1.474,<37
Seed,2,5,35,36,1.516,<37
Seed,2,5,38,39,1.642,39-40
Seed,2,5,33,35,1.474,<37
Seed,2,5,45,37,1.558,37-38
Seed,2,5,39,37,1.558,37-38
Seed,2,5,41,38,1.6,37-38
Seed,2,10,29,35,1.474,<37
Seed,2,10,47,40,1.684,39-40
Seed,2,10,48,37,1.558,37-38
Seed,2,10,42,38,1.6,37-38
Seed,2,10,45,39,1.642,39-40
Seed,2,10,35,35,1.474,<37
Seed,2,10,53,39,1.642,39-40
Seed,2,10,49,39,1.642,39-40
Seed,2,10,44,37,1.558,37-38
Seed,2,10,34,36,1.516,<37
Seed,2,10,53,39,1.642,39-40
Seed,2,10,47,39,1.642,39-40
Seed,2,10,39,37,1.558,37-38
Seed,2,10,64,42,1.768,>40
Seed,2,10,37,36,1.516,<37
Seed,2,10,56,40,1.684,39-40
Seed,2,10,41,35,1.474,<37
Seed,2,10,38,35,1.474,<37
Seed,3,0,45,37,1.558,37-38
Seed,3,0,31,37,1.558,37-38
Seed,3,0,35,35,1.474,<37
Seed,3,0,34,40,1.684,39-40
Seed,3,0,63,43,1.811,>40
Seed,3,0,52,38,1.6,37-38
Seed,3,0,58,41,1.726,>40
Seed,3,0,45,40,1.684,39-40
Seed,3,0,38,37,1.558,37-38
Seed,3,0,45,38,1.6,37-38
Seed,3,0,42,38,1.6,37-38
Seed,3,0,31,35,1.474,<37
Seed,3,0,35,35,1.474,<37
Seed,3,0,33,35,1.474,<37
Seed,3,0,42,40,1.684,39-40
Seed,3,0,35,33,1.389,<37
Seed,3,0,35,36,1.516,<37
Seed,3,0,53,40,1.684,39-40
Seed,3,0,43,37,1.558,37-38
Seed,3,0,41,38,1.6,37-38
Seed,3,0,49,39,1.642,39-40
Seed,3,0,41,38,1.6,37-38
Seed,3,0,36,35,1.474,<37
Seed,3,0,40,37,1.558,37-38
Seed,3,0,44,37,1.558,37-38
Seed,3,0,34,35,1.474,<37
Seed,3,0,36,35,1.474,<37
Seed,3,5,66,44,1.853,>40
Seed,3,5,45,36,1.516,<37
Seed,3,5,45,38,1.6,37-38
Seed,3,5,36,35,1.474,<37
Seed,3,5,45,37,1.558,37-38
Seed,3,5,45,38,1.6,37-38
Seed,3,5,50,38,1.6,37-38
Seed,3,5,49,38,1.6,37-38
Seed,3,5,61,40,1.684,39-40
Seed,3,5,42,35,1.474,<37
Seed,3,5,43,38,1.6,37-38
Seed,3,5,34,34,1.432,<37
Seed,3,5,40,35,1.474,<37
Seed,3,5,46,36,1.516,<37
Seed,3,5,51,40,1.684,39-40
Seed,3,5,47,36,1.516,<37
Seed,3,5,67,42,1.768,>40
Seed,3,5,48,39,1.642,39-40
Seed,3,5,49,37,1.558,37-38
Seed,3,5,53,38,1.6,37-38
Seed,3,5,50,34,1.432,<37
Seed,3,5,52,40,1.684,39-40
Seed,3,5,45,35,1.474,<37
Seed,3,5,44,37,1.558,37-38
Seed,3,5,43,37,1.558,37-38
Seed,3,5,41,34,1.432,<37
Seed,3,5,48,38,1.6,37-38
Seed,3,5,52,39,1.642,39-40
Seed,3,10,49,38,1.6,37-38
Seed,3,10,53,39,1.642,39-40
Seed,3,10,47,38,1.6,37-38
Seed,3,10,48,39,1.642,39-40
Seed,3,10,49,37,1.558,37-38
Seed,3,10,44,37,1.558,37-38
Seed,3,10,43,36,1.516,<37
Seed,3,10,58,42,1.768,>40
Seed,3,10,48,37,1.558,37-38
Seed,3,10,43,36,1.516,<37
Seed,3,10,41,35,1.474,<37
Seed,3,10,48,39,1.642,39-40
Seed,3,10,50,38,1.6,37-38
Seed,3,10,47,37,1.558,37-38
Seed,3,10,40,35,1.474,<37
Seed,3,10,38,35,1.474,<37
Seed,3,10,46,37,1.558,37-38
Seed,3,10,43,35,1.474,<37
Seed,3,10,40,35,1.474,<37
Seed,3,10,51,38,1.6,37-38
Seed,3,10,45,37,1.558,37-38
Seed,3,10,54,39,1.642,39-40
Seed,4,0,58,39,1.642,39-40
Seed,4,0,65,43,1.811,>40
Seed,4,0,75,45,1.895,>40
Seed,4,0,64,42,1.768,>40
Seed,4,0,54,40,1.684,39-40
Seed,4,0,60,42,1.768,>40
Seed,4,0,64,42,1.768,>40
Seed,4,0,45,38,1.6,37-38
Seed,4,0,65,43,1.811,>40
Seed,4,0,23,37,1.558,37-38
Seed,4,0,39,36,1.516,<37
Seed,4,0,52,41,1.726,>40
Seed,4,0,60,42,1.768,>40
Seed,4,0,81,46,1.937,>40
Seed,4,0,43,38,1.6,37-38
Seed,4,0,63,42,1.768,>40
Seed,4,0,49,37,1.558,37-38
Seed,4,0,44,37,1.558,37-38
Seed,4,0,44,38,1.6,37-38
Seed,4,0,49,40,1.684,39-40
Seed,4,0,46,38,1.6,37-38
Seed,4,0,48,38,1.6,37-38
Seed,4,0,67,42,1.768,>40
Seed,4,0,49,37,1.558,37-38
Seed,4,0,35,37,1.558,37-38
Seed,4,0,55,39,1.642,39-40
Seed,4,0,41,37,1.558,37-38
Seed,4,5,63,40,1.684,39-40
Seed,4,5,59,40,1.684,39-40
Seed,4,5,40,36,1.516,<37
Seed,4,5,50,38,1.6,37-38
Seed,4,5,60,41,1.726,>40
Seed,4,5,61,41,1.726,>40
Seed,4,5,48,38,1.6,37-38
Seed,4,5,52,39,1.642,39-40
Seed,4,5,55,40,1.684,39-40
Seed,4,5,54,40,1.684,39-40
Seed,4,5,47,37,1.558,37-38
Seed,4,5,41,36,1.516,<37
Seed,4,5,64,43,1.811,>40
Seed,4,5,57,40,1.684,39-40
Seed,4,5,68,43,1.811,>40
Seed,4,5,55,41,1.726,>40
Seed,4,5,56,41,1.726,>40
Seed,4,5,55,40,1.684,39-40
Seed,4,5,49,38,1.6,37-38
Seed,4,5,51,39,1.642,39-40
Seed,4,5,57,42,1.768,>40
Seed,4,5,63,42,1.768,>40
Seed,4,5,53,38,1.6,37-38
Seed,4,5,53,39,1.642,39-40
Seed,4,5,50,41,1.726,>40
Seed,4,5,50,38,1.6,37-38
Seed,4,5,49,38,1.6,37-38
Seed,4,5,57,40,1.684,39-40
Seed,4,10,62,40,1.684,39-40
Seed,4,10,50,39,1.642,39-40
Seed,4,10,52,39,1.642,39-40
Seed,4,10,46,38,1.6,37-38
Seed,4,10,62,41,1.726,>40
Seed,4,10,71,44,1.853,>40
Seed,4,10,56,38,1.6,37-38
Seed,4,10,51,39,1.642,39-40
Seed,4,10,66,42,1.768,>40
Seed,4,10,52,38,1.6,37-38
Seed,4,10,51,40,1.684,39-40
Seed,4,10,40,36,1.516,<37
Seed,4,10,54,40,1.684,39-40
Seed,4,10,56,40,1.684,39-40
Seed,4,10,58,41,1.726,>40
Seed,4,10,60,40,1.684,39-40
Seed,4,10,71,44,1.853,>40
Seed,4,10,44,36,1.516,<37
Seed,4,10,59,41,1.726,>40
Seed,4,10,45,38,1.6,37-38
Thatch,1,1,109,45,1.895,>43
Thatch,1,1,120,43,1.811,40-43
Thatch,1,1,94,42,1.768,40-43
Thatch,1,1,61,33,1.389,30-34
Thatch,1,1,72,41,1.726,40-43
Thatch,1,1,134,46,1.937,>43
Thatch,1,1,94,43,1.811,40-43
Thatch,1,1,113,42,1.768,40-43
Thatch,1,1,111,42,1.768,40-43
Thatch,1,1,106,43,1.811,40-43
Thatch,1,1,107,46,1.937,>43
Thatch,1,1,96,42,1.768,40-43
Thatch,1,1,53,33,1.389,30-34
Thatch,1,1,121,44,1.853,>43
Thatch,1,1,85,44,1.853,>43
Thatch,1,1,115,45,1.895,>43
Thatch,1,1,109,46,1.937,>43
Thatch,1,1,105,39,1.642,35-39
Thatch,1,1,93,39,1.642,35-39
Thatch,1,1,103,42,1.768,40-43
Thatch,1,1,110,44,1.853,>43
Thatch,1,1,94,40,1.684,40-43
Thatch,1,4,91,42,1.768,40-43
Thatch,1,4,161,46,1.937,>43
Thatch,1,4,44,28,1.179,<30
Thatch,1,4,87,40,1.684,40-43
Thatch,1,4,107,46,1.937,>43
Thatch,1,4,107,41,1.726,40-43
Thatch,1,4,86,40,1.684,40-43
Thatch,1,4,91,38,1.6,35-39
Thatch,1,4,156,43,1.811,40-43
Thatch,1,4,95,43,1.811,40-43
Thatch,1,4,95,42,1.768,40-43
Thatch,1,4,98,42,1.768,40-43
Thatch,1,4,72,37,1.558,35-39
Thatch,1,4,76,39,1.642,35-39
Thatch,1,4,154,43,1.811,40-43
Thatch,1,4,34,28,1.179,<30
Thatch,1,4,125,47,1.979,>43
Thatch,1,4,51,32,1.347,30-34
Thatch,1,4,83,39,1.642,35-39
Thatch,1,4,36,29,1.221,<30
Thatch,1,4,105,42,1.768,40-43
Thatch,1,4,63,36,1.516,35-39
Thatch,1,4,49,33,1.389,30-34
Thatch,1,4,91,42,1.768,40-43
Thatch,1,4,104,43,1.811,40-43
Thatch,1,4,93,45,1.895,>43
Thatch,1,4,84,43,1.811,40-43
Thatch,1,4,95,43,1.811,40-43
Thatch,1,4,80,38,1.6,35-39
Thatch,1,4,74,39,1.642,35-39
Thatch,1,4,96,43,1.811,40-43
Thatch,1,4,149,44,1.853,>43
Thatch,1,4,107,44,1.853,>43
Thatch,1,4,98,42,1.768,40-43
Thatch,1,4,110,46,1.937,>43
Thatch,1,7,115,45,1.895,>43
Thatch,1,7,107,41,1.726,40-43
Thatch,1,7,105,42,1.768,40-43
Thatch,1,7,96,43,1.811,40-43
Thatch,1,7,70,37,1.558,35-39
Thatch,1,7,96,42,1.768,40-43
Thatch,1,7,127,43,1.811,40-43
Thatch,1,7,131,45,1.895,>43
Thatch,1,7,104,40,1.684,40-43
Thatch,1,7,126,46,1.937,>43
Thatch,1,7,83,42,1.768,40-43
Thatch,1,7,108,43,1.811,40-43
Thatch,1,7,99,42,1.768,40-43
Thatch,1,7,92,42,1.768,40-43
Thatch,1,7,103,47,1.979,>43
Thatch,1,7,104,42,1.768,40-43
Thatch,1,7,107,42,1.768,40-43
Thatch,1,7,120,45,1.895,>43
Thatch,1,7,112,43,1.811,40-43
Thatch,1,7,97,41,1.726,40-43
Thatch,1,7,94,42,1.768,40-43
Thatch,1,7,92,40,1.684,40-43
Thatch,1,10,123,44,1.853,>43
Thatch,1,10,72,33,1.389,30-34
Thatch,1,10,92,40,1.684,40-43
Thatch,1,10,75,38,1.6,35-39
Thatch,1,10,110,46,1.937,>43
Thatch,1,10,97,43,1.811,40-43
Thatch,1,10,93,41,1.726,40-43
Thatch,1,10,88,43,1.811,40-43
Thatch,1,10,82,42,1.768,40-43
Thatch,1,10,101,43,1.811,40-43
Thatch,1,10,110,41,1.726,40-43
Thatch,1,10,75,37,1.558,35-39
Thatch,1,10,81,40,1.684,40-43
Thatch,1,10,99,43,1.811,40-43
Thatch,1,10,103,43,1.811,40-43
Thatch,1,10,114,46,1.937,>43
Thatch,1,10,101,46,1.937,>43
Thatch,1,10,77,42,1.768,40-43
Thatch,1,10,125,47,1.979,>43
Thatch,1,10,90,39,1.642,35-39
Thatch,2,1,148,45,1.895,>43
Thatch,2,1,110,45,1.895,>43
Thatch,2,1,110,41,1.726,40-43
Thatch,2,1,97,41,1.726,40-43
Thatch,2,1,136,45,1.895,>43
Thatch,2,1,115,43,1.811,40-43
Thatch,2,1,101,42,1.768,40-43
Thatch,2,1,158,47,1.979,>43
Thatch,2,1,67,36,1.516,35-39
Thatch,2,1,114,42,1.768,40-43
Thatch,2,1,62,35,1.474,35-39
Thatch,2,1,67,36,1.516,35-39
Thatch,2,1,121,45,1.895,>43
Thatch,2,1,47,33,1.389,30-34
Thatch,2,1,82,37,1.558,35-39
Thatch,2,1,79,38,1.6,35-39
Thatch,2,1,119,46,1.937,>43
Thatch,2,1,111,41,1.726,40-43
Thatch,2,1,47,32,1.347,30-34
Thatch,2,1,75,39,1.642,35-39
Thatch,2,1,60,35,1.474,35-39
Thatch,2,1,104,45,1.895,>43
Thatch,2,4,133,46,1.937,>43
Thatch,2,4,134,47,1.979,>43
Thatch,2,4,73,44,1.853,>43
Thatch,2,4,121,44,1.853,>43
Thatch,2,4,73,39,1.642,35-39
Thatch,2,4,86,42,1.768,40-43
Thatch,2,4,63,40,1.684,40-43
Thatch,2,4,84,41,1.726,40-43
Thatch,2,4,129,46,1.937,>43
Thatch,2,4,106,45,1.895,>43
Thatch,2,4,90,40,1.684,40-43
Thatch,2,4,62,38,1.6,35-39
Thatch,2,4,70,39,1.642,35-39
Thatch,2,4,86,44,1.853,>43
Thatch,2,4,99,42,1.768,40-43
Thatch,2,4,50,36,1.516,35-39
Thatch,2,4,133,47,1.979,>43
Thatch,2,4,74,43,1.811,40-43
Thatch,2,4,140,47,1.979,>43
Thatch,2,4,77,37,1.558,35-39
Thatch,2,4,137,46,1.937,>43
Thatch,2,4,94,39,1.642,35-39
Thatch,2,7,79,39,1.642,35-39
Thatch,2,7,105,42,1.768,40-43
Thatch,2,7,104,42,1.768,40-43
Thatch,2,7,99,43,1.811,40-43
Thatch,2,7,67,35,1.474,35-39
Thatch,2,7,129,46,1.937,>43
Thatch,2,7,97,37,1.558,35-39
Thatch,2,7,126,45,1.895,>43
Thatch,2,7,152,46,1.937,>43
Thatch,2,7,67,34,1.432,30-34
Thatch,2,7,60,34,1.432,30-34
Thatch,2,7,94,40,1.684,40-43
Thatch,2,7,128,46,1.937,>43
Thatch,2,7,101,43,1.811,40-43
Thatch,2,7,44,31,1.305,30-34
Thatch,2,7,119,45,1.895,>43
Thatch,2,7,117,45,1.895,>43
Thatch,2,7,80,40,1.684,40-43
Thatch,2,7,78,39,1.642,35-39
Thatch,2,7,54,31,1.305,30-34
Thatch,2,7,99,45,1.895,>43
Thatch,2,10,137,44,1.853,>43
Thatch,2,10,120,42,1.768,40-43
Thatch,2,10,107,42,1.768,40-43
Thatch,2,10,98,43,1.811,40-43
Thatch,2,10,97,45,1.895,>43
Thatch,2,10,55,43,1.811,40-43
Thatch,2,10,96,40,1.684,40-43
Thatch,2,10,118,43,1.811,40-43
Thatch,2,10,73,39,1.642,35-39
Thatch,2,10,102,43,1.811,40-43
Thatch,2,10,103,44,1.853,>43
Thatch,2,10,97,45,1.895,>43
Thatch,2,10,96,43,1.811,40-43
Thatch,2,10,81,42,1.768,40-43
Thatch,2,10,114,42,1.768,40-43
Thatch,2,10,143,47,1.979,>43
Thatch,2,10,52,30,1.263,30-34
Thatch,2,10,83,43,1.811,40-43
Thatch,2,10,76,37,1.558,35-39
Thatch,2,10,141,45,1.895,>43
Thatch,2,10,99,40,1.684,40-43
Thatch,2,10,154,48,2.021,>43
Thatch,2,10,109,42,1.768,40-43
Thatch,3,1,103,40,1.684,40-43
Thatch,3,1,55,32,1.347,30-34
Thatch,3,1,154,46,1.937,>43
Thatch,3,1,105,40,1.684,40-43
Thatch,3,1,90,36,1.516,35-39
Thatch,3,1,103,43,1.811,40-43
Thatch,3,1,106,42,1.768,40-43
Thatch,3,1,64,38,1.6,35-39
Thatch,3,1,81,38,1.6,35-39
Thatch,3,1,120,42,1.768,40-43
Thatch,3,1,69,35,1.474,35-39
Thatch,3,1,85,40,1.684,40-43
Thatch,3,1,143,49,2.063,>43
Thatch,3,1,70,39,1.642,35-39
Thatch,3,1,97,43,1.811,40-43
Thatch,3,1,127,45,1.895,>43
Thatch,3,1,74,36,1.516,35-39
Thatch,3,1,81,39,1.642,35-39
Thatch,3,1,89,42,1.768,40-43
Thatch,3,1,28,29,1.221,<30
Thatch,3,1,54,32,1.347,30-34
Thatch,3,1,113,46,1.937,>43
Thatch,3,4,93,43,1.811,40-43
Thatch,3,4,117,42,1.768,40-43
Thatch,3,4,81,35,1.474,35-39
Thatch,3,4,127,43,1.811,40-43
Thatch,3,4,128,48,2.021,>43
Thatch,3,4,102,41,1.726,40-43
Thatch,3,4,94,38,1.6,35-39
Thatch,3,4,76,36,1.516,35-39
Thatch,3,4,111,42,1.768,40-43
Thatch,3,4,86,41,1.726,40-43
Thatch,3,4,56,35,1.474,35-39
Thatch,3,4,87,39,1.642,35-39
Thatch,3,4,66,35,1.474,35-39
Thatch,3,4,82,41,1.726,40-43
Thatch,3,4,61,30,1.263,30-34
Thatch,3,4,57,31,1.305,30-34
Thatch,3,4,135,47,1.979,>43
Thatch,3,4,104,42,1.768,40-43
Thatch,3,4,132,48,2.021,>43
Thatch,3,4,120,44,1.853,>43
Thatch,3,4,118,43,1.811,40-43
Thatch,3,4,111,45,1.895,>43
Thatch,3,7,74,34,1.432,30-34
Thatch,3,7,80,39,1.642,35-39
Thatch,3,7,95,41,1.726,40-43
Thatch,3,7,64,31,1.305,30-34
Thatch,3,7,50,32,1.347,30-34
Thatch,3,7,122,45,1.895,>43
Thatch,3,7,81,39,1.642,35-39
Thatch,3,7,105,42,1.768,40-43
Thatch,3,7,89,39,1.642,35-39
Thatch,3,7,145,45,1.895,>43
Thatch,3,7,43,32,1.347,30-34
Thatch,3,7,70,38,1.6,35-39
Thatch,3,7,66,36,1.516,35-39
Thatch,3,7,99,39,1.642,35-39
Thatch,3,7,120,45,1.895,>43
Thatch,3,7,116,44,1.853,>43
Thatch,3,7,105,40,1.684,40-43
Thatch,3,7,132,45,1.895,>43
Thatch,3,7,77,39,1.642,35-39
Thatch,3,7,123,45,1.895,>43
Thatch,3,7,126,46,1.937,>43
Thatch,3,10,108,44,1.853,>43
Thatch,3,10,92,41,1.726,40-43
Thatch,3,10,86,39,1.642,35-39
Thatch,3,10,95,40,1.684,40-43
Thatch,3,10,89,41,1.726,40-43
Thatch,3,10,119,43,1.811,40-43
Thatch,3,10,60,36,1.516,35-39
Thatch,3,10,100,42,1.768,40-43
Thatch,3,10,95,40,1.684,40-43
Thatch,3,10,55,32,1.347,30-34
Thatch,3,10,78,40,1.684,40-43
Thatch,3,10,75,38,1.6,35-39
Thatch,3,10,112,44,1.853,>43
Thatch,3,10,98,42,1.768,40-43
Thatch,3,10,77,38,1.6,35-39
Thatch,3,10,84,40,1.684,40-43
Thatch,3,10,92,34,1.432,30-34
Thatch,3,10,110,43,1.811,40-43
Thatch,3,10,140,47,1.979,>43
Thatch,3,10,84,39,1.642,35-39
Thatch,3,10,61,30,1.263,30-34
Thatch,3,10,129,45,1.895,>43
Thatch,3,10,116,41,1.726,40-43
Thatch,4,1,74,40,1.684,40-43
Thatch,4,1,95,38,1.6,35-39
Thatch,4,1,89,41,1.726,40-43
Thatch,4,1,95,41,1.726,40-43
Thatch,4,1,69,40,1.684,40-43
Thatch,4,1,102,41,1.726,40-43
Thatch,4,1,84,39,1.642,35-39
Thatch,4,1,76,38,1.6,35-39
Thatch,4,1,66,36,1.516,35-39
Thatch,4,1,134,46,1.937,>43
Thatch,4,1,102,39,1.642,35-39
Thatch,4,1,60,38,1.6,35-39
Thatch,4,1,127,45,1.895,>43
Thatch,4,1,36,30,1.263,30-34
Thatch,4,1,65,37,1.558,35-39
Thatch,4,1,165,46,1.937,>43
Thatch,4,1,94,41,1.726,40-43
Thatch,4,1,43,34,1.432,30-34
Thatch,4,1,91,43,1.811,40-43
Thatch,4,1,107,42,1.768,40-43
Thatch,4,1,94,40,1.684,40-43
Thatch,4,1,71,37,1.558,35-39
Thatch,4,1,85,43,1.811,40-43
Thatch,4,1,60,37,1.558,35-39
Thatch,4,1,132,40,1.684,40-43
Thatch,4,1,127,45,1.895,>43
Thatch,4,1,68,36,1.516,35-39
Thatch,4,1,147,45,1.895,>43
Thatch,4,1,76,38,1.6,35-39
Thatch,4,1,106,43,1.811,40-43
Thatch,4,4,106,40,1.684,40-43
Thatch,4,4,72,35,1.474,35-39
Thatch,4,4,131,43,1.811,40-43
Thatch,4,4,70,40,1.684,40-43
Thatch,4,4,126,45,1.895,>43
Thatch,4,4,77,41,1.726,40-43
Thatch,4,4,78,43,1.811,40-43
Thatch,4,4,103,41,1.726,40-43
Thatch,4,4,82,40,1.684,40-43
Thatch,4,4,103,41,1.726,40-43
Thatch,4,4,90,42,1.768,40-43
Thatch,4,4,105,42,1.768,40-43
Thatch,4,4,96,41,1.726,40-43
Thatch,4,4,80,39,1.642,35-39
Thatch,4,4,112,45,1.895,>43
Thatch,4,4,64,37,1.558,35-39
Thatch,4,4,101,43,1.811,40-43
Thatch,4,4,112,44,1.853,>43
Thatch,4,4,121,43,1.811,40-43
Thatch,4,4,125,45,1.895,>43
Thatch,4,4,101,41,1.726,40-43
Thatch,4,4,100,42,1.768,40-43
Thatch,4,4,140,45,1.895,>43
Thatch,4,4,58,34,1.432,30-34
Thatch,4,4,84,42,1.768,40-43
Thatch,4,7,139,44,1.853,>43
Thatch,4,7,114,44,1.853,>43
Thatch,4,7,121,46,1.937,>43
Thatch,4,7,58,41,1.726,40-43
Thatch,4,7,103,41,1.726,40-43
Thatch,4,7,108,43,1.811,40-43
Thatch,4,7,106,40,1.684,40-43
Thatch,4,7,59,31,1.305,30-34
Thatch,4,7,104,42,1.768,40-43
Thatch,4,7,116,43,1.811,40-43
Thatch,4,7,85,41,1.726,40-43
Thatch,4,7,68,40,1.684,40-43
Thatch,4,7,58,34,1.432,30-34
Thatch,4,7,79,40,1.684,40-43
Thatch,4,7,100,44,1.853,>43
Thatch,4,7,77,37,1.558,35-39
Thatch,4,7,110,42,1.768,40-43
Thatch,4,7,104,43,1.811,40-43
Thatch,4,7,125,45,1.895,>43
Thatch,4,7,123,41,1.726,40-43
Thatch,4,7,82,40,1.684,40-43
Thatch,4,7,102,40,1.684,40-43
Thatch,4,7,111,42,1.768,40-43
Thatch,4,7,92,40,1.684,40-43
Thatch,4,10,113,43,1.811,40-43
Thatch,4,10,117,42,1.768,40-43
Thatch,4,10,98,42,1.768,40-43
Thatch,4,10,115,45,1.895,>43
Thatch,4,10,145,46,1.937,>43
Thatch,4,10,97,42,1.768,40-43
Thatch,4,10,97,43,1.811,40-43
Thatch,4,10,95,42,1.768,40-43
Thatch,4,10,83,43,1.811,40-43
Thatch,4,10,65,37,1.558,35-39
Thatch,4,10,107,43,1.811,40-43
Thatch,4,10,112,43,1.811,40-43
Thatch,4,10,113,44,1.853,>43
Thatch,4,10,97,43,1.811,40-43
Thatch,4,10,94,43,1.811,40-43
Thatch,4,10,81,42,1.768,40-43
Thatch,4,10,102,45,1.895,>43
Thatch,4,10,79,41,1.726,40-43
Thatch,4,10,132,47,1.979,>43
Thatch,4,10,98,42,1.768,40-43
Thatch,4,10,107,42,1.768,40-43
Thatch,4,10,81,40,1.684,40-43
Thatch,4,10,121,46,1.937,>43
Thatch,4,10,95,41,1.726,40-43
Thatch,4,10,79,40,1.684,40-43
Thatch,6,1,77,37,1.558,35-39
Thatch,6,1,64,36,1.516,35-39
Thatch,6,1,87,40,1.684,40-43
Thatch,6,1,116,45,1.895,>43
Thatch,6,1,77,38,1.6,35-39
Thatch,6,1,75,35,1.474,35-39
Thatch,6,1,88,40,1.684,40-43
Thatch,6,1,33,27,1.137,<30
Thatch,6,1,111,44,1.853,>43
Thatch,6,1,111,44,1.853,>43
Thatch,6,1,38,33,1.389,30-34
Thatch,6,1,101,42,1.768,40-43
Thatch,6,1,95,41,1.726,40-43
Thatch,6,1,33,27,1.137,<30
Thatch,6,1,91,39,1.642,35-39
Thatch,6,1,63,35,1.474,35-39
Thatch,6,1,103,35,1.474,35-39
Thatch,6,1,45,32,1.347,30-34
Thatch,6,1,78,38,1.6,35-39
Thatch,6,1,120,43,1.811,40-43
Thatch,6,1,36,30,1.263,30-34
Thatch,6,1,73,38,1.6,35-39
Thatch,6,1,134,46,1.937,>43
Thatch,6,1,87,43,1.811,40-43
Thatch,6,1,128,46,1.937,>43
Thatch,6,1,113,45,1.895,>43
Thatch,6,1,158,48,2.021,>43
Thatch,6,1,112,44,1.853,>43
Thatch,6,1,60,36,1.516,35-39
Thatch,6,1,147,47,1.979,>43
Thatch,6,1,80,39,1.642,35-39
Thatch,6,1,74,37,1.558,35-39
Thatch,6,1,57,33,1.389,30-34
Thatch,6,1,85,36,1.516,35-39
Thatch,6,1,64,40,1.684,40-43
Thatch,6,4,146,48,2.021,>43
Thatch,6,4,55,35,1.474,35-39
Thatch,6,4,67,36,1.516,35-39
Thatch,6,4,142,47,1.979,>43
Thatch,6,4,100,41,1.726,40-43
Thatch,6,4,117,44,1.853,>43
Thatch,6,4,44,32,1.347,30-34
Thatch,6,4,43,31,1.305,30-34
Thatch,6,4,67,39,1.642,35-39
Thatch,6,4,110,44,1.853,>43
Thatch,6,4,83,39,1.642,35-39
Thatch,6,4,57,36,1.516,35-39
Thatch,6,4,56,32,1.347,30-34
Thatch,6,4,54,31,1.305,30-34
Thatch,6,4,99,45,1.895,>43
Thatch,6,4,47,30,1.263,30-34
Thatch,6,4,84,38,1.6,35-39
Thatch,6,4,68,35,1.474,35-39
Thatch,6,4,103,40,1.684,40-43
Thatch,6,4,58,32,1.347,30-34
Thatch,6,4,125,44,1.853,>43
Thatch,6,4,95,40,1.684,40-43
Thatch,6,4,91,41,1.726,40-43
Thatch,6,4,100,44,1.853,>43
Thatch,6,4,83,38,1.6,35-39
Thatch,6,4,61,34,1.432,30-34
Thatch,6,4,40,29,1.221,<30
Thatch,6,4,103,40,1.684,40-43
Thatch,6,4,68,38,1.6,35-39
Thatch,6,4,78,38,1.6,35-39
Thatch,6,4,54,34,1.432,30-34
Thatch,6,4,88,42,1.768,40-43
Thatch,6,4,115,45,1.895,>43
Thatch,6,4,104,47,1.979,>43
Thatch,6,4,64,38,1.6,35-39
Thatch,6,7,98,42,1.768,40-43
Thatch,6,7,49,31,1.305,30-34
Thatch,6,7,75,33,1.389,30-34
Thatch,6,7,120,42,1.768,40-43
Thatch,6,7,126,47,1.979,>43
Thatch,6,7,121,43,1.811,40-43
Thatch,6,7,93,44,1.853,>43
Thatch,6,7,118,46,1.937,>43
Thatch,6,7,74,39,1.642,35-39
Thatch,6,7,122,45,1.895,>43
Thatch,6,7,93,40,1.684,40-43
Thatch,6,7,114,44,1.853,>43
Thatch,6,7,128,46,1.937,>43
Thatch,6,7,101,42,1.768,40-43
Thatch,6,7,111,44,1.853,>43
Thatch,6,7,85,39,1.642,35-39
Thatch,6,7,92,41,1.726,40-43
Thatch,6,7,67,36,1.516,35-39
Thatch,6,7,77,41,1.726,40-43
Thatch,6,7,85,42,1.768,40-43
Thatch,6,7,109,44,1.853,>43
Thatch,6,7,46,32,1.347,30-34
Thatch,6,7,88,41,1.726,40-43
Thatch,6,7,130,47,1.979,>43
Thatch,6,7,104,44,1.853,>43
Thatch,6,7,91,40,1.684,40-43
Thatch,6,7,111,43,1.811,40-43
Thatch,6,10,86,45,1.895,>43
Thatch,6,10,71,43,1.811,40-43
Thatch,6,10,152,46,1.937,>43
Thatch,6,10,137,42,1.768,40-43
Thatch,6,10,76,41,1.726,40-43
Thatch,6,10,120,44,1.853,>43
Thatch,6,10,60,41,1.726,40-43
Thatch,6,10,94,40,1.684,40-43
Thatch,6,10,87,37,1.558,35-39
Thatch,6,10,76,39,1.642,35-39
Thatch,6,10,94,40,1.684,40-43
Thatch,6,10,111,44,1.853,>43
Thatch,6,10,90,35,1.474,35-39
Thatch,6,10,35,27,1.137,<30
Thatch,6,10,87,39,1.642,35-39
Thatch,6,10,138,42,1.768,40-43
Thatch,6,10,68,37,1.558,35-39
Thatch,6,10,95,42,1.768,40-43
Thatch,6,10,97,43,1.811,40-43
Thatch,6,10,101,45,1.895,>43
Thatch,6,10,90,44,1.853,>43
Thatch,7,1,85,38,1.6,35-39
Thatch,7,1,103,41,1.726,40-43
Thatch,7,1,125,45,1.895,>43
Thatch,7,1,80,38,1.6,35-39
Thatch,7,1,122,45,1.895,>43
Thatch,7,1,113,43,1.811,40-43
Thatch,7,1,113,41,1.726,40-43
Thatch,7,1,87,40,1.684,40-43
Thatch,7,1,86,38,1.6,35-39
Thatch,7,1,99,42,1.768,40-43
Thatch,7,1,124,46,1.937,>43
Thatch,7,1,92,41,1.726,40-43
Thatch,7,1,75,36,1.516,35-39
Thatch,7,1,97,43,1.811,40-43
Thatch,7,1,73,36,1.516,35-39
Thatch,7,1,82,37,1.558,35-39
Thatch,7,1,84,40,1.684,40-43
Thatch,7,1,114,45,1.895,>43
Thatch,7,1,79,38,1.6,35-39
Thatch,7,1,90,39,1.642,35-39
Thatch,7,1,77,37,1.558,35-39
Thatch,7,1,105,40,1.684,40-43
Thatch,7,1,59,33,1.389,30-34
Thatch,7,1,74,36,1.516,35-39
Thatch,7,4,116,46,1.937,>43
Thatch,7,4,65,40,1.684,40-43
Thatch,7,4,97,43,1.811,40-43
Thatch,7,4,90,37,1.558,35-39
Thatch,7,4,120,41,1.726,40-43
Thatch,7,4,84,35,1.474,35-39
Thatch,7,4,59,34,1.432,30-34
Thatch,7,4,74,39,1.642,35-39
Thatch,7,4,118,44,1.853,>43
Thatch,7,4,46,28,1.179,<30
Thatch,7,4,121,45,1.895,>43
Thatch,7,4,113,44,1.853,>43
Thatch,7,4,81,37,1.558,35-39
Thatch,7,4,91,39,1.642,35-39
Thatch,7,4,136,46,1.937,>43
Thatch,7,4,65,35,1.474,35-39
Thatch,7,4,114,43,1.811,40-43
Thatch,7,4,135,45,1.895,>43
Thatch,7,4,87,41,1.726,40-43
Thatch,7,4,114,45,1.895,>43
Thatch,7,4,69,32,1.347,30-34
Thatch,7,4,113,45,1.895,>43
Thatch,7,4,83,38,1.6,35-39
Thatch,7,4,76,40,1.684,40-43
Thatch,7,4,122,,,€
Thatch,7,4,151,42,1.768,40-43
Thatch,7,4,41,30,1.263,30-34
Thatch,7,4,58,37,1.558,35-39
Thatch,7,7,87,41,1.726,40-43
Thatch,7,7,86,43,1.811,40-43
Thatch,7,7,70,39,1.642,35-39
Thatch,7,7,110,46,1.937,>43
Thatch,7,7,64,35,1.474,35-39
Thatch,7,7,87,40,1.684,40-43
Thatch,7,7,79,39,1.642,35-39
Thatch,7,7,125,44,1.853,>43
Thatch,7,7,125,45,1.895,>43
Thatch,7,7,48,31,1.305,30-34
Thatch,7,7,114,43,1.811,40-43
Thatch,7,7,99,43,1.811,40-43
Thatch,7,7,101,41,1.726,40-43
Thatch,7,7,90,40,1.684,40-43
Thatch,7,7,88,41,1.726,40-43
Thatch,7,7,85,41,1.726,40-43
Thatch,7,7,90,43,1.811,40-43
Thatch,7,7,73,41,1.726,40-43
Thatch,7,7,97,44,1.853,>43
Thatch,7,7,59,34,1.432,30-34
Thatch,7,10,108,44,1.853,>43
Thatch,7,10,123,42,1.768,40-43
Thatch,7,10,90,40,1.684,40-43
Thatch,7,10,68,42,1.768,40-43
Thatch,7,10,71,40,1.684,40-43
Thatch,7,10,55,36,1.516,35-39
Thatch,7,10,84,46,1.937,>43
Thatch,7,10,61,41,1.726,40-43
Thatch,7,10,73,42,1.768,40-43
Thatch,7,10,65,40,1.684,40-43
Thatch,7,10,75,36,1.516,35-39
Thatch,7,10,118,45,1.895,>43
Thatch,7,10,129,46,1.937,>43
Thatch,7,10,91,45,1.895,>43
Thatch,7,10,117,43,1.811,40-43
Thatch,7,10,139,42,1.768,40-43
Thatch,7,10,108,38,1.6,35-39
Thatch,7,10,123,42,1.768,40-43
Thatch,7,10,87,38,1.6,35-39
Thatch,7,10,119,41,1.726,40-43
Thatch,8,1,71,36,1.516,35-39
Thatch,8,1,127,43,1.811,40-43
Thatch,8,1,110,45,1.895,>43
Thatch,8,1,80,35,1.474,35-39
Thatch,8,1,36,28,1.179,<30
Thatch,8,1,44,33,1.389,30-34
Thatch,8,1,113,44,1.853,>43
Thatch,8,1,77,38,1.6,35-39
Thatch,8,1,102,46,1.937,>43
Thatch,8,1,86,44,1.853,>43
Thatch,8,1,108,43,1.811,40-43
Thatch,8,1,118,43,1.811,40-43
Thatch,8,1,102,44,1.853,>43
Thatch,8,1,59,40,1.684,40-43
Thatch,8,1,75,44,1.853,>43
Thatch,8,1,80,40,1.684,40-43
Thatch,8,1,102,44,1.853,>43
Thatch,8,1,117,44,1.853,>43
Thatch,8,1,54,33,1.389,30-34
Thatch,8,1,99,44,1.853,>43
Thatch,8,4,88,44,1.853,>43
Thatch,8,4,56,36,1.516,35-39
Thatch,8,4,108,41,1.726,40-43
Thatch,8,4,98,41,1.726,40-43
Thatch,8,4,23,29,1.221,<30
Thatch,8,4,162,44,1.853,>43
Thatch,8,4,35,28,1.179,<30
Thatch,8,4,113,45,1.895,>43
Thatch,8,4,67,35,1.474,35-39
Thatch,8,4,58,33,1.389,30-34
Thatch,8,4,104,43,1.811,40-43
Thatch,8,4,121,44,1.853,>43
Thatch,8,4,130,45,1.895,>43
Thatch,8,4,118,39,1.642,35-39
Thatch,8,4,140,47,1.979,>43
Thatch,8,4,94,40,1.684,40-43
Thatch,8,4,111,46,1.937,>43
Thatch,8,4,115,38,1.6,35-39
Thatch,8,4,164,42,1.768,40-43
Thatch,8,4,147,,,€
Thatch,8,4,152,45,1.895,>43
Thatch,8,4,148,44,1.853,>43
Thatch,8,7,97,43,1.811,40-43
Thatch,8,7,95,43,1.811,40-43
Thatch,8,7,90,41,1.726,40-43
Thatch,8,7,95,40,1.684,40-43
Thatch,8,7,88,44,1.853,>43
Thatch,8,7,83,41,1.726,40-43
Thatch,8,7,86,37,1.558,35-39
Thatch,8,7,88,40,1.684,40-43
Thatch,8,7,111,42,1.768,40-43
Thatch,8,7,102,46,1.937,>43
Thatch,8,7,64,37,1.558,35-39
Thatch,8,7,84,41,1.726,40-43
Thatch,8,7,112,42,1.768,40-43
Thatch,8,7,85,42,1.768,40-43
Thatch,8,7,74,34,1.432,30-34
Thatch,8,7,77,42,1.768,40-43
Thatch,8,7,44,36,1.516,35-39
Thatch,8,7,62,39,1.642,35-39
Thatch,8,7,74,38,1.6,35-39
Thatch,8,7,74,38,1.6,35-39
Thatch,8,10,67,36,1.516,35-39
Thatch,8,10,72,38,1.6,35-39
Thatch,8,10,110,42,1.768,40-43
Thatch,8,10,112,45,1.895,>43
Thatch,8,10,136,45,1.895,>43
Thatch,8,10,64,41,1.726,40-43
Thatch,8,10,77,41,1.726,40-43
Thatch,8,10,95,42,1.768,40-43
Thatch,8,10,90,35,1.474,35-39
Thatch,8,10,110,46,1.937,>43
Thatch,8,10,139,46,1.937,>43
Thatch,8,10,142,44,1.853,>43
Thatch,8,10,73,36,1.516,35-39
Thatch,8,10,106,40,1.684,40-43
Thatch,8,10,80,39,1.642,35-39
Thatch,8,10,119,42,1.768,40-43
Thatch,8,10,119,45,1.895,>43
Thatch,8,10,97,42,1.768,40-43
Thatch,8,10,109,43,1.811,40-43
Thatch,8,10,113,43,1.811,40-43
Thatch,8,10,108,44,1.853,>43
Thatch,8,10,99,42,1.768,40-43
Thatch,8,10,93,40,1.684,40-43
Thatch,9,1,139,43,1.811,40-43
Thatch,9,1,153,44,1.853,>43
Thatch,9,1,123,42,1.768,40-43
Thatch,9,1,70,36,1.516,35-39
Thatch,9,1,77,36,1.516,35-39
Thatch,9,1,89,36,1.516,35-39
Thatch,9,1,51,29,1.221,<30
Thatch,9,1,116,42,1.768,40-43
Thatch,9,1,105,39,1.642,35-39
Thatch,9,1,106,40,1.684,40-43
Thatch,9,1,74,36,1.516,35-39
Thatch,9,1,80,37,1.558,35-39
Thatch,9,1,30,26,1.095,<30
Thatch,9,1,110,43,1.811,40-43
Thatch,9,1,60,31,1.305,30-34
Thatch,9,1,80,41,1.726,40-43
Thatch,9,1,43,29,1.221,<30
Thatch,9,1,111,45,1.895,>43
Thatch,9,1,108,39,1.642,35-39
Thatch,9,1,48,30,1.263,30-34
Thatch,9,1,88,39,1.642,35-39
Thatch,9,1,54,32,1.347,30-34
Thatch,9,1,78,36,1.516,35-39
Thatch,9,1,37,31,1.305,30-34
Thatch,9,1,25,27,1.137,<30
Thatch,9,1,121,46,1.937,>43
Thatch,9,1,71,37,1.558,35-39
Thatch,9,1,39,29,1.221,<30
Thatch,9,4,139,45,1.895,>43
Thatch,9,4,86,36,1.516,35-39
Thatch,9,4,132,42,1.768,40-43
Thatch,9,4,137,47,1.979,>43
Thatch,9,4,159,43,1.811,40-43
Thatch,9,4,120,45,1.895,>43
Thatch,9,4,77,34,1.432,30-34
Thatch,9,4,67,35,1.474,35-39
Thatch,9,4,104,45,1.895,>43
Thatch,9,4,83,40,1.684,40-43
Thatch,9,4,122,45,1.895,>43
Thatch,9,4,114,44,1.853,>43
Thatch,9,4,50,31,1.305,30-34
Thatch,9,4,147,46,1.937,>43
Thatch,9,4,78,37,1.558,35-39
Thatch,9,4,56,32,1.347,30-34
Thatch,9,4,34,27,1.137,<30
Thatch,9,4,92,39,1.642,35-39
Thatch,9,4,41,30,1.263,30-34
Thatch,9,4,75,37,1.558,35-39
Thatch,9,4,89,38,1.6,35-39
Thatch,9,4,121,,,€
Thatch,9,7,129,46,1.937,>43
Thatch,9,7,86,38,1.6,35-39
Thatch,9,7,129,47,1.979,>43
Thatch,9,7,99,39,1.642,35-39
Thatch,9,7,112,45,1.895,>43
Thatch,9,7,74,40,1.684,40-43
Thatch,9,7,122,44,1.853,>43
Thatch,9,7,126,47,1.979,>43
Thatch,9,7,89,39,1.642,35-39
Thatch,9,7,94,39,1.642,35-39
Thatch,9,7,111,43,1.811,40-43
Thatch,9,7,103,42,1.768,40-43
Thatch,9,7,65,37,1.558,35-39
Thatch,9,7,58,36,1.516,35-39
Thatch,9,7,113,37,1.558,35-39
Thatch,9,7,109,42,1.768,40-43
Thatch,9,7,76,43,1.811,40-43
Thatch,9,7,59,36,1.516,35-39
Thatch,9,7,89,41,1.726,40-43
Thatch,9,7,65,37,1.558,35-39
Thatch,9,7,56,35,1.474,35-39
Thatch,9,7,130,45,1.895,>43
Thatch,9,7,89,41,1.726,40-43
Thatch,9,7,109,43,1.811,40-43
Thatch,9,7,115,45,1.895,>43
Thatch,9,7,136,47,1.979,>43
Thatch,9,7,71,38,1.6,35-39
Thatch,9,7,97,41,1.726,40-43
Thatch,9,7,113,46,1.937,>43
Thatch,9,7,53,34,1.432,30-34
Thatch,9,7,126,45,1.895,>43
Thatch,9,7,59,34,1.432,30-34
Thatch,9,7,114,46,1.937,>43
Thatch,9,10,118,42,1.768,40-43
Thatch,9,10,84,37,1.558,35-39
Thatch,9,10,124,45,1.895,>43
Thatch,9,10,112,44,1.853,>43
Thatch,9,10,111,41,1.726,40-43
Thatch,9,10,98,39,1.642,35-39
Thatch,9,10,73,37,1.558,35-39
Thatch,9,10,111,41,1.726,40-43
Thatch,9,10,144,44,1.853,>43
Thatch,9,10,108,40,1.684,40-43
Thatch,9,10,114,37,1.558,35-39
Thatch,9,10,45,31,1.305,30-34
Thatch,9,10,136,44,1.853,>43
Thatch,9,10,55,35,1.474,35-39
Thatch,9,10,92,40,1.684,40-43
Thatch,9,10,153,46,1.937,>43
Thatch,9,10,121,40,1.684,40-43
Thatch,9,10,123,45,1.895,>43
Thatch,9,10,163,46,1.937,>43
Thatch,9,10,90,41,1.726,40-43
Thatch,9,10,114,46,1.937,>43
Thatch,9,10,118,43,1.811,40-43
Thatch,9,10,95,38,1.6,35-39
Thatch,10,1,123,43,1.811,40-43
Thatch,10,1,119,43,1.811,40-43
Thatch,10,1,125,46,1.937,>43
Thatch,10,1,87,38,1.6,35-39
Thatch,10,1,168,48,2.021,>43
Thatch,10,1,111,45,1.895,>43
Thatch,10,1,64,35,1.474,35-39
Thatch,10,1,74,35,1.474,35-39
Thatch,10,1,79,38,1.6,35-39
Thatch,10,1,91,41,1.726,40-43
Thatch,10,1,117,44,1.853,>43
Thatch,10,1,145,47,1.979,>43
Thatch,10,1,108,40,1.684,40-43
Thatch,10,1,112,45,1.895,>43
Thatch,10,1,62,39,1.642,35-39
Thatch,10,1,140,43,1.811,40-43
Thatch,10,1,144,46,1.937,>43
Thatch,10,1,172,41,1.726,40-43
Thatch,10,1,38,30,1.263,30-34
Thatch,10,1,147,43,1.811,40-43
Thatch,10,4,123,45,1.895,>43
Thatch,10,4,73,35,1.474,35-39
Thatch,10,4,139,46,1.937,>43
Thatch,10,4,77,36,1.516,35-39
Thatch,10,4,98,42,1.768,40-43
Thatch,10,4,69,35,1.474,35-39
Thatch,10,4,91,41,1.726,40-43
Thatch,10,4,119,46,1.937,>43
Thatch,10,4,109,44,1.853,>43
Thatch,10,4,103,43,1.811,40-43
Thatch,10,4,99,42,1.768,40-43
Thatch,10,4,108,43,1.811,40-43
Thatch,10,4,57,34,1.432,30-34
Thatch,10,4,97,38,1.6,35-39
Thatch,10,4,81,35,1.474,35-39
Thatch,10,4,106,42,1.768,40-43
Thatch,10,4,124,46,1.937,>43
Thatch,10,4,86,41,1.726,40-43
Thatch,10,4,86,42,1.768,40-43
Thatch,10,4,66,33,1.389,30-34
Thatch,10,4,82,37,1.558,35-39
Thatch,10,7,105,41,1.726,40-43
Thatch,10,7,66,39,1.642,35-39
Thatch,10,7,97,41,1.726,40-43
Thatch,10,7,59,33,1.389,30-34
Thatch,10,7,108,43,1.811,40-43
Thatch,10,7,109,41,1.726,40-43
Thatch,10,7,115,44,1.853,>43
Thatch,10,7,112,42,1.768,40-43
Thatch,10,7,69,35,1.474,35-39
Thatch,10,7,80,39,1.642,35-39
Thatch,10,7,103,42,1.768,40-43
Thatch,10,7,104,45,1.895,>43
Thatch,10,7,119,45,1.895,>43
Thatch,10,7,126,43,1.811,40-43
Thatch,10,7,74,35,1.474,35-39
Thatch,10,7,107,42,1.768,40-43
Thatch,10,7,120,42,1.768,40-43
Thatch,10,7,111,41,1.726,40-43
Thatch,10,7,54,32,1.347,30-34
Thatch,10,7,109,45,1.895,>43
Thatch,10,7,127,45,1.895,>43
Thatch,10,7,99,41,1.726,40-43
Thatch,10,7,90,41,1.726,40-43
Thatch,10,7,103,43,1.811,40-43
Thatch,10,7,165,47,1.979,>43
Thatch,10,7,83,37,1.558,35-39
Thatch,10,7,121,46,1.937,>43
Thatch,10,7,80,38,1.6,35-39
Thatch,10,7,83,39,1.642,35-39
Thatch,10,7,111,43,1.811,40-43
Thatch,10,7,110,43,1.811,40-43
Thatch,10,7,69,35,1.474,35-39
Thatch,10,7,125,43,1.811,40-43
Thatch,10,7,104,41,1.726,40-43
Thatch,10,7,117,44,1.853,>43
Thatch,10,10,123,44,1.853,>43
Thatch,10,10,114,45,1.895,>43
Thatch,10,10,132,45,1.895,>43
Thatch,10,10,112,44,1.853,>43
Thatch,10,10,104,41,1.726,40-43
Thatch,10,10,100,44,1.853,>43
Thatch,10,10,72,42,1.768,40-43
Thatch,10,10,88,42,1.768,40-43
Thatch,10,10,57,38,1.6,35-39
Thatch,10,10,82,42,1.768,40-43
Thatch,10,10,79,40,1.684,40-43
Thatch,10,10,83,43,1.811,40-43
Thatch,10,10,68,37,1.558,35-39
Thatch,10,10,111,46,1.937,>43
Thatch,10,10,68,35,1.474,35-39
Thatch,10,10,105,39,1.642,35-39
Thatch,10,10,98,39,1.642,35-39
Thatch,10,10,99,41,1.726,40-43
Thatch,10,10,145,45,1.895,>43
Thatch,10,10,97,42,1.768,40-43
Thatch,10,10,133,42,1.768,40-43
Thatch,10,10,93,43,1.811,40-43
Thatch,10,10,121,45,1.895,>43
Thatch,11,1,70,37,1.558,35-39
Thatch,11,1,81,40,1.684,40-43
Thatch,11,1,127,46,1.937,>43
Thatch,11,1,110,43,1.811,40-43
Thatch,11,1,61,30,1.263,30-34
Thatch,11,1,144,46,1.937,>43
Thatch,11,1,150,40,1.684,40-43
Thatch,11,1,94,40,1.684,40-43
Thatch,11,1,136,40,1.684,40-43
Thatch,11,1,176,42,1.768,40-43
Thatch,11,1,39,26,1.095,<30
Thatch,11,1,91,37,1.558,35-39
Thatch,11,1,152,42,1.768,40-43
Thatch,11,1,39,27,1.137,<30
Thatch,11,1,93,38,1.6,35-39
Thatch,11,1,71,33,1.389,30-34
Thatch,11,1,90,39,1.642,35-39
Thatch,11,1,114,43,1.811,40-43
Thatch,11,1,40,26,1.095,<30
Thatch,11,1,145,45,1.895,>43
Thatch,11,1,40,28,1.179,<30
Thatch,11,1,126,45,1.895,>43
Thatch,11,1,106,40,1.684,40-43
Thatch,11,4,84,37,1.558,35-39
Thatch,11,4,72,40,1.684,40-43
Thatch,11,4,122,45,1.895,>43
Thatch,11,4,119,47,1.979,>43
Thatch,11,4,65,36,1.516,35-39
Thatch,11,4,69,37,1.558,35-39
Thatch,11,4,106,41,1.726,40-43
Thatch,11,4,89,38,1.6,35-39
Thatch,11,4,93,40,1.684,40-43
Thatch,11,4,96,40,1.684,40-43
Thatch,11,4,99,42,1.768,40-43
Thatch,11,4,95,41,1.726,40-43
Thatch,11,4,109,44,1.853,>43
Thatch,11,4,82,39,1.642,35-39
Thatch,11,4,94,38,1.6,35-39
Thatch,11,4,106,38,1.6,35-39
Thatch,11,4,120,41,1.726,40-43
Thatch,11,4,29,25,1.053,<30
Thatch,11,4,109,40,1.684,40-43
Thatch,11,4,95,42,1.768,40-43
Thatch,11,4,66,35,1.474,35-39
Thatch,11,4,43,26,1.095,<30
Thatch,11,4,81,40,1.684,40-43
Thatch,11,4,48,32,1.347,30-34
Thatch,11,4,45,31,1.305,30-34
Thatch,11,7,102,41,1.726,40-43
Thatch,11,7,130,42,1.768,40-43
Thatch,11,7,104,42,1.768,40-43
Thatch,11,7,104,45,1.895,>43
Thatch,11,7,99,38,1.6,35-39
Thatch,11,7,92,42,1.768,40-43
Thatch,11,7,79,37,1.558,35-39
Thatch,11,7,66,35,1.474,35-39
Thatch,11,7,123,46,1.937,>43
Thatch,11,7,76,40,1.684,40-43
Thatch,11,7,52,34,1.432,30-34
Thatch,11,7,67,35,1.474,35-39
Thatch,11,7,110,43,1.811,40-43
Thatch,11,7,74,38,1.6,35-39
Thatch,11,7,59,37,1.558,35-39
Thatch,11,7,91,42,1.768,40-43
Thatch,11,7,54,37,1.558,35-39
Thatch,11,7,112,41,1.726,40-43
Thatch,11,7,127,45,1.895,>43
Thatch,11,7,107,45,1.895,>43
Thatch,11,7,115,46,1.937,>43
Thatch,11,7,90,42,1.768,40-43
Thatch,11,7,56,34,1.432,30-34
Thatch,11,7,137,46,1.937,>43
Thatch,11,7,106,44,1.853,>43
Thatch,11,10,53,33,1.389,30-34
Thatch,11,10,89,40,1.684,40-43
Thatch,11,10,95,41,1.726,40-43
Thatch,11,10,78,37,1.558,35-39
Thatch,11,10,50,33,1.389,30-34
Thatch,11,10,52,33,1.389,30-34
Thatch,11,10,90,41,1.726,40-43
Thatch,11,10,136,45,1.895,>43
Thatch,11,10,100,41,1.726,40-43
Thatch,11,10,116,41,1.726,40-43
Thatch,11,10,38,28,1.179,<30
Thatch,11,10,113,45,1.895,>43
Thatch,11,10,89,38,1.6,35-39
Thatch,11,10,48,32,1.347,30-34
Thatch,11,10,106,42,1.768,40-43
Thatch,11,10,108,41,1.726,40-43
Thatch,11,10,86,37,1.558,35-39
Thatch,11,10,110,42,1.768,40-43
Thatch,11,10,90,38,1.6,35-39
Thatch,11,10,94,40,1.684,40-43
Thatch,11,10,28,26,1.095,<30
Thatch,11,10,116,46,1.937,>43
Thatch,11,10,78,38,1.6,35-39
Thatch,11,10,116,41,1.726,40-43
Thatch,11,10,70,35,1.474,35-39
Thatch,11,10,99,38,1.6,35-39
Thatch,11,10,118,43,1.811,40-43
Thatch,11,10,103,41,1.726,40-43
Thatch,11,10,114,46,1.937,>43
Thatch,11,10,98,43,1.811,40-43
Thatch,11,10,61,35,1.474,35-39
Thatch,11,10,77,37,1.558,35-39
Thatch,11,10,53,32,1.347,30-34
Thatch,11,10,132,45,1.895,>43
Thatch,11,10,98,42,1.768,40-43
Thatch,1,0,163,46,1.937,>43
Thatch,1,0,102,39,1.642,35-39
Thatch,1,0,144,48,2.021,>43
Thatch,1,0,115,43,1.811,40-43
Thatch,1,0,108,43,1.811,40-43
Thatch,1,0,68,34,1.432,30-34
Thatch,1,0,107,42,1.768,40-43
Thatch,1,0,141,42,1.768,40-43
Thatch,1,0,111,42,1.768,40-43
Thatch,1,0,55,32,1.347,30-34
Thatch,1,0,112,42,1.768,40-43
Thatch,1,0,100,39,1.642,35-39
Thatch,2,0,116,43,1.811,40-43
Thatch,2,0,71,35,1.474,35-39
Thatch,2,0,146,46,1.937,>43
Thatch,2,0,119,45,1.895,>43
Thatch,2,0,97,42,1.768,40-43
Thatch,2,0,43,30,1.263,30-34
Thatch,2,0,127,45,1.895,>43
Thatch,2,0,106,43,1.811,40-43
Thatch,2,0,79,35,1.474,35-39
Thatch,2,0,127,45,1.895,>43
Thatch,2,0,114,44,1.853,>43
Thatch,2,0,85,40,1.684,40-43
Thatch,3,0,90,36,1.516,35-39
Thatch,3,0,149,45,1.895,>43
Thatch,3,0,116,41,1.726,40-43
Thatch,3,0,142,47,1.979,>43
Thatch,3,0,90,37,1.558,35-39
Thatch,3,0,73,37,1.558,35-39
Thatch,3,0,151,45,1.895,>43
Thatch,3,0,135,43,1.811,40-43
Thatch,3,0,90,41,1.726,40-43
Thatch,3,0,81,39,1.642,35-39
Thatch,3,0,64,34,1.432,30-34
Thatch,3,0,54,29,1.221,<30
Thatch,4,0,56,31,1.305,30-34
Thatch,4,0,75,38,1.6,35-39
Thatch,4,0,139,46,1.937,>43
Thatch,4,0,127,47,1.979,>43
Thatch,4,0,96,37,1.558,35-39
Thatch,4,0,52,33,1.389,30-34
Thatch,4,0,94,45,1.895,>43
Thatch,4,0,119,41,1.726,40-43
Thatch,4,0,99,44,1.853,>43
Thatch,4,0,117,45,1.895,>43
Thatch,4,0,103,44,1.853,>43
Thatch,4,0,80,39,1.642,35-39
Thatch,6,0,130,43,1.811,40-43
Thatch,6,0,102,40,1.684,40-43
Thatch,6,0,106,43,1.811,40-43
Thatch,6,0,38,27,1.137,<30
Thatch,6,0,49,31,1.305,30-34
Thatch,6,0,120,41,1.726,40-43
Thatch,6,0,113,43,1.811,40-43
Thatch,6,0,65,36,1.516,35-39
Thatch,6,0,126,45,1.895,>43
Thatch,6,0,91,39,1.642,35-39
Thatch,6,0,82,37,1.558,35-39
Thatch,6,0,158,48,2.021,>43
Thatch,7,0,122,46,1.937,>43
Thatch,7,0,56,33,1.389,30-34
Thatch,7,0,144,45,1.895,>43
Thatch,7,0,74,40,1.684,40-43
Thatch,7,0,112,45,1.895,>43
Thatch,7,0,53,30,1.263,30-34
Thatch,7,0,104,43,1.811,40-43
Thatch,7,0,72,38,1.6,35-39
Thatch,7,0,106,40,1.684,40-43
Thatch,7,0,92,42,1.768,40-43
Thatch,7,0,98,45,1.895,>43
Thatch,7,0,47,30,1.263,30-34
Thatch,8,0,106,44,1.853,>43
Thatch,8,0,80,39,1.642,35-39
Thatch,8,0,121,48,2.021,>43
Thatch,8,0,75,37,1.558,35-39
Thatch,8,0,83,41,1.726,40-43
Thatch,8,0,53,32,1.347,30-34
Thatch,8,0,108,45,1.895,>43
Thatch,8,0,41,27,1.137,<30
Thatch,8,0,117,46,1.937,>43
Thatch,8,0,41,30,1.263,30-34
Thatch,8,0,127,47,1.979,>43
Thatch,8,0,90,40,1.684,40-43
Thatch,9,0,136,46,1.937,>43
Thatch,9,0,86,39,1.642,35-39
Thatch,9,0,91,41,1.726,40-43
Thatch,9,0,77,36,1.516,35-39
Thatch,9,0,126,44,1.853,>43
Thatch,9,0,64,33,1.389,30-34
Thatch,9,0,131,48,2.021,>43
Thatch,9,0,48,30,1.263,30-34
Thatch,9,0,147,45,1.895,>43
Thatch,9,0,70,33,1.389,30-34
Thatch,9,0,161,45,1.895,>43
Thatch,9,0,29,25,1.053,<30
Thatch,10,0,90,40,1.684,40-43
Thatch,10,0,122,46,1.937,>43
Thatch,10,0,113,44,1.853,>43
Thatch,10,0,47,30,1.263,30-34
Thatch,10,0,125,45,1.895,>43
Thatch,10,0,88,40,1.684,40-43
Thatch,10,0,122,43,1.811,40-43
Thatch,10,0,80,37,1.558,35-39
Thatch,10,0,113,47,1.979,>43
Thatch,10,0,44,31,1.305,30-34
Thatch,10,0,86,38,1.6,35-39
Thatch,10,0,32,26,1.095,<30
Thatch,11,0,123,45,1.895,>43
Thatch,11,0,88,41,1.726,40-43
Thatch,11,0,153,46,1.937,>43
Thatch,11,0,83,41,1.726,40-43
Thatch,11,0,112,44,1.853,>43
Thatch,11,0,34,29,1.221,<30
Thatch,11,0,107,44,1.853,>43
Thatch,11,0,56,34,1.432,30-34
Thatch,11,0,121,45,1.895,>43
Thatch,11,0,53,33,1.389,30-34
Thatch,11,0,189,44,1.853,>43
Thatch,11,0,75,39,1.642,35-39
Thatch,5,0,132,47,1.979,>43
Thatch,5,0,64,37,1.558,35-39
Thatch,5,0,109,41,1.726,40-43
Thatch,5,0,59,33,1.389,30-34
Thatch,5,0,120,42,1.768,40-43
Thatch,5,0,56,37,1.558,35-39
Thatch,5,0,189,48,2.021,>43
Thatch,5,0,95,39,1.642,35-39
Thatch,5,0,135,47,1.979,>43
Thatch,5,0,110,41,1.726,40-43
Thatch,5,0,147,46,1.937,>43
Thatch,5,0,135,41,1.726,40-43
Thatch,5,1,159,45,1.895,>43
Thatch,5,1,61,35,1.474,35-39
Thatch,5,1,130,42,1.768,40-43
Thatch,5,1,136,42,1.768,40-43
Thatch,5,1,120,42,1.768,40-43
Thatch,5,1,107,43,1.811,40-43
Thatch,5,1,77,37,1.558,35-39
Thatch,5,1,114,42,1.768,40-43
Thatch,5,1,119,44,1.853,>43
Thatch,5,1,76,38,1.6,35-39
Thatch,5,1,120,43,1.811,40-43
Thatch,5,1,106,40,1.684,40-43
Thatch,5,1,118,43,1.811,40-43
Thatch,5,1,73,36,1.516,35-39
Thatch,5,1,122,43,1.811,40-43
Thatch,5,1,86,39,1.642,35-39
Thatch,5,1,85,39,1.642,35-39
Thatch,5,1,97,43,1.811,40-43
Thatch,5,1,91,37,1.558,35-39
Thatch,5,1,111,42,1.768,40-43
Thatch,5,1,84,,,€
Thatch,5,1,118,45,1.895,>43
Thatch,5,1,74,36,1.516,35-39
Thatch,5,1,104,43,1.811,40-43
Thatch,5,1,130,44,1.853,>43
Thatch,5,1,87,36,1.516,35-39
Thatch,5,1,83,40,1.684,40-43
Thatch,5,1,72,37,1.558,35-39
Thatch,5,1,145,45,1.895,>43
Thatch,5,4,42,28,1.179,<30
Thatch,5,4,44,30,1.263,30-34
Thatch,5,4,103,40,1.684,40-43
Thatch,5,4,50,32,1.347,30-34
Thatch,5,4,28,29,1.221,<30
Thatch,5,4,108,45,1.895,>43
Thatch,5,4,118,42,1.768,40-43
Thatch,5,4,97,39,1.642,35-39
Thatch,5,4,96,39,1.642,35-39
Thatch,5,4,34,28,1.179,<30
Thatch,5,4,63,35,1.474,35-39
Thatch,5,4,110,46,1.937,>43
Thatch,5,4,80,36,1.516,35-39
Thatch,5,4,70,40,1.684,40-43
Thatch,5,4,73,36,1.516,35-39
Thatch,5,4,39,31,1.305,30-34
Thatch,5,4,105,42,1.768,40-43
Thatch,5,4,97,39,1.642,35-39
Thatch,5,4,78,36,1.516,35-39
Thatch,5,4,121,43,1.811,40-43
Thatch,5,4,80,46,1.937,>43
Thatch,5,4,83,42,1.768,40-43
Thatch,5,4,111,41,1.726,40-43
Thatch,5,4,110,44,1.853,>43
Thatch,5,4,69,32,1.347,30-34
Thatch,5,4,125,43,1.811,40-43
Thatch,5,4,104,43,1.811,40-43
Thatch,5,4,117,35,1.474,35-39
Thatch,5,7,87,40,1.684,40-43
Thatch,5,7,78,38,1.6,35-39
Thatch,5,7,81,36,1.516,35-39
Thatch,5,7,108,43,1.811,40-43
Thatch,5,7,58,38,1.6,35-39
Thatch,5,7,105,46,1.937,>43
Thatch,5,7,63,37,1.558,35-39
Thatch,5,7,109,41,1.726,40-43
Thatch,5,7,86,42,1.768,40-43
Thatch,5,7,125,45,1.895,>43
Thatch,5,7,75,36,1.516,35-39
Thatch,5,7,109,41,1.726,40-43
Thatch,5,7,80,43,1.811,40-43
Thatch,5,7,62,41,1.726,40-43
Thatch,5,7,139,46,1.937,>43
Thatch,5,7,92,43,1.811,40-43
Thatch,5,7,100,45,1.895,>43
Thatch,5,7,90,43,1.811,40-43
Thatch,5,7,75,41,1.726,40-43
Thatch,5,7,93,42,1.768,40-43
Thatch,5,7,135,45,1.895,>43
Thatch,5,7,132,43,1.811,40-43
Thatch,5,7,84,41,1.726,40-43
